season,week,away_team,home_team,home_win,edge_qb,edge_offense,edge_defense,edge_trenches,edge_injuries,edge_market,edge_turnovers,edge_form,edge_situational,edge_matchup,edge_coaching,home_win_probability_ml,ml_pick,actual_winner,correct,ml_win_probability,backtest_probability,models_agree_backtest,confidence_score_backtest,confidence_tier_backtest,backtest_correct
2025,1,DAL,PHI,1,0.3447482029338338,2.2919432126572232,1.363671971976782,0.7747752618849563,0.0,0.0,0.1034244608801501,0.0,0.75,0.9282712406804414,0.0,0.7107254860759369,PHI,PHI,1,0.7107254860759369,0.7107254860759369,False,71,STRONG,1
2025,1,KC,LAC,1,0.557835279475142,-0.0364202955599346,0.4527478623468342,0.1105579411651086,0.0,0.0,0.1673505838425426,0.0,0.75,-0.4891681579067689,0.0,0.5518825750767986,LAC,LAC,1,0.5518825750767986,0.5518825750767986,False,55,LOW,1
2025,1,TB,ATL,0,-1.0912672142279276,-1.7455808208868242,-1.385244440077762,-0.5894731485607307,0.0,0.0,-0.3273801642683783,0.0,0.75,-0.3603363808090626,0.0,0.3776576966983586,TB,TB,1,0.6223423033016413,0.6223423033016413,False,62,MEDIUM,1
2025,1,CIN,CLE,0,-1.371935158648978,-3.236969300629429,-0.1305082839202785,-0.9207435048875916,0.0,0.0,-0.4115805475946934,0.0,0.75,-3.106461016709151,0.0,0.3081428627977989,CIN,CIN,1,0.6918571372022011,0.6918571372022011,False,69,STRONG,1
2025,1,MIA,IND,1,-0.1243814448689821,-1.024707635938534,-0.8202238416561736,-0.5007216003006687,0.0,0.0,-0.0373144334606946,0.0,0.75,-0.2044837942823603,0.0,0.4289915636340711,MIA,IND,0,0.5710084363659289,0.5710084363659289,False,57,LOW,0
2025,1,CAR,JAX,1,-0.3236118586740049,-1.1605177772019608,0.6618671665793588,0.4068519115520203,0.0,0.0,-0.0970835576022014,0.0,0.75,-1.8223849437813195,0.0,0.531263954218815,JAX,JAX,1,0.531263954218815,0.531263954218815,False,53,PASS,1
2025,1,LV,NE,0,0.2894710247113723,0.1700887207923925,-0.645230538742953,-0.0356767156835591,0.0,0.0,0.0868413074134116,0.0,0.75,0.8153192595353455,0.0,0.5284264628256423,NE,LV,0,0.5284264628256423,0.5284264628256423,False,53,PASS,0
2025,1,ARI,NO,0,-0.0382180321102056,-1.6058233192068485,-0.7800636844357465,-0.7033239581291595,0.0,0.0,-0.0114654096330617,0.0,0.75,-0.8257596347711016,0.0,0.3879362951623407,ARI,ARI,1,0.6120637048376594,0.6120637048376594,False,61,MEDIUM,1
2025,1,PIT,NYJ,0,-0.0512658812967297,0.9738811403455184,-0.5943260348940033,0.3543974177460607,0.0,0.0,-0.0153797643890189,0.0,0.75,1.5682071752395217,0.0,0.5967096518587011,NYJ,PIT,0,0.5967096518587011,0.5967096518587011,False,60,LOW,0
2025,1,NYG,WAS,1,0.4866592623430881,1.8256399104153411,0.7069142561643541,1.2772347137389932,0.0,0.0,0.1459977787029264,0.0,0.75,1.1187256542509874,0.0,0.7274999484610589,WAS,WAS,1,0.7274999484610589,0.7274999484610589,False,73,STRONG,1
2025,1,TEN,DEN,1,0.2510118602358129,2.1362519157720192,2.1946643115189715,1.344557468373958,0.0,0.0,0.0753035580707438,0.0,0.75,-0.058412395746952,0.0,0.7577565784431121,DEN,DEN,1,0.7577565784431121,0.7577565784431121,False,76,ELITE,1
2025,1,SF,SEA,0,-0.1217611972047776,-0.1565821706328928,1.8306243904400104,0.5533022575890878,0.0,0.0,-0.0365283591614332,0.0,0.75,-1.9872065610729035,0.0,0.6040559583959704,SEA,SF,0,0.6040559583959704,0.6040559583959704,False,60,MEDIUM,0
2025,1,DET,GB,1,0.082249076866474,-1.1359990523347456,1.1864107659580188,-0.4950137968100415,0.0,0.0,0.0246747230599422,0.0,0.75,-2.3224098182927646,0.0,0.4554726916951787,DET,GB,0,0.5445273083048212,0.5445273083048212,False,54,PASS,0
2025,1,HOU,LAR,1,1.180437552754178,1.9552502718786664,-1.4040315042179563,0.4976033926932299,0.0,0.0,0.3541312658262533,0.0,0.75,3.359281776096623,0.0,0.6447541542731726,LAR,LAR,1,0.6447541542731726,0.6447541542731726,False,64,MEDIUM,1
2025,1,BAL,BUF,1,-0.8190526287620301,-0.1222269019097871,-1.670065588598878,-1.0066723192713856,0.0,0.0,-0.245715788628609,0.0,0.75,1.5478386866890907,0.0,0.4008462855514968,BAL,BUF,0,0.5991537144485032,0.5991537144485032,False,60,LOW,0
2025,1,MIN,CHI,0,-1.05695164929773,-0.9618852338116282,-1.287998824006188,-0.8586457753255311,0.0,0.0,-0.3170854947893189,0.0,0.75,0.3261135901945596,0.0,0.3851915586816401,MIN,MIN,1,0.6148084413183599,0.6148084413183599,False,61,MEDIUM,1
2025,2,WAS,GB,1,1.301323760277298,0.5424967466127789,0.0428490043380049,-0.6774935030892237,0.0,0.0,0.3903971280831894,0.1397238591312444,0.75,0.4996477422747741,0.0,0.5013876715303408,GB,GB,1,0.5013876715303408,0.5013876715303408,False,50,PASS,1
2025,2,CLE,BAL,1,2.5573533201565533,4.3227750843024495,0.1844850655786028,1.2526146401337863,0.0,0.0,0.7672059960469659,4.369008350565586,0.75,4.138290018723847,0.0,0.8518555503229862,BAL,BAL,1,0.8518555503229862,0.8518555503229862,False,85,ELITE,1
2025,2,JAX,CIN,1,0.4467625289327182,0.129549683237556,-0.2110504977714363,0.2677959257954648,0.0,0.0,0.1340287586798154,-2.61326144232384,0.75,0.3406001810089923,0.0,0.5132356371403709,CIN,CIN,1,0.5132356371403709,0.5132356371403709,False,51,PASS,1
2025,2,NYG,DAL,1,0.5561504805845061,1.3641893508207117,0.3662721901028016,0.6688999009696067,0.0,0.0,0.1668451441753518,2.7640232304360604,1.1785714285714286,0.9979171607179096,0.0,0.7268567087521052,DAL,DAL,1,0.7268567087521052,0.7268567087521052,False,73,STRONG,1
2025,2,CHI,DET,1,0.8483615938536335,1.9148519141945488,-0.6764059520229811,1.2775560446657592,0.0,0.0,0.25450847815609,0.0911342656026704,0.8928571428571428,2.5912578662175294,0.0,0.72522408764061,DET,DET,1,0.72522408764061,0.72522408764061,False,73,STRONG,1
2025,2,NE,MIA,0,-0.3878610198230583,-0.0503623277050761,0.1009041191287923,-0.0157306868861212,0.0,0.0,-0.1163583059469174,-1.9074830157185256,0.75,-0.1512664468338684,0.0,0.4907594028931023,NE,NE,1,0.5092405971068976,0.5092405971068976,False,51,PASS,1
2025,2,SF,NO,0,-0.6081181006810805,-0.9531004714262972,-0.8689391465131753,-0.1257014958899238,0.0,0.0,-0.1824354302043241,-1.5409746540583829,0.75,-0.0841613249131219,0.0,0.4344369868841405,SF,SF,1,0.5655630131158595,0.5655630131158595,False,57,LOW,1
2025,2,BUF,NYJ,0,-0.2776663372876271,-1.3901521955609637,0.0120898176709868,-0.1588583871348825,0.0,0.0,-0.0832999011862881,-0.2301146350851945,0.75,-1.4022420132319506,0.0,0.45340856978776,BUF,BUF,1,0.54659143021224,0.54659143021224,False,55,PASS,1
2025,2,SEA,PIT,0,0.3758833040899008,0.952620937138763,-1.031324704102886,-0.7786842455278409,0.0,0.0,0.1127649912269702,4.357268106760853,0.75,1.9839456412416487,0.0,0.5673747696549025,PIT,SEA,0,0.5673747696549025,0.5673747696549025,False,57,LOW,0
2025,2,LAR,TEN,0,-1.1845451041870598,-2.514437902657898,0.1148985541396276,-1.171011901651318,0.0,0.0,-0.3553635312561179,-3.7190308295192342,0.75,-2.629336456797525,0.0,0.2584884572698359,LAR,LAR,1,0.7415115427301642,0.7415115427301642,False,74,STRONG,1
2025,2,CAR,ARI,1,0.4933073853359402,1.3128826350616611,1.6929027792935265,1.1435712844634334,0.0,0.0,0.147992215600782,3.003688744646458,0.75,-0.3800201442318652,0.0,0.7568066653671421,ARI,ARI,1,0.7568066653671421,0.7568066653671421,False,76,ELITE,1
2025,2,DEN,IND,1,0.6420842599760959,0.2385323994517323,-1.761143456291749,-0.7327478595851699,0.0,0.0,0.1926252779928287,4.124728945462909,0.75,1.9996758557434813,0.0,0.5292895241985669,IND,IND,1,0.5292895241985669,0.5292895241985669,False,53,PASS,1
2025,2,PHI,KC,0,-0.2993523528756974,-0.5174775521397686,-1.9864968374087824,-0.9240406286202812,0.0,0.0,-0.0898057058627092,0.5478816155821126,0.6071428571428572,1.4690192852690145,0.0,0.3928769094028409,PHI,PHI,1,0.6071230905971591,0.6071230905971591,False,61,MEDIUM,1
2025,2,ATL,MIN,0,0.5204982503074582,-0.4859910657288852,1.1567724857472643,-0.2787658691276173,0.0,0.0,0.1561494750922374,-2.319948973183078,0.6071428571428572,-1.6427635514761498,0.0,0.4516913166033849,ATL,ATL,1,0.5483086833966151,0.5483086833966151,False,55,PASS,1
2025,2,TB,HOU,0,-1.0295341096050403,-2.526357782660247,0.1331755449456705,-0.7153525132370092,0.0,0.0,-0.3088602328815121,-2.464325208938245,0.75,-2.6595333276059168,0.0,0.3149975769007251,TB,TB,1,0.6850024230992748,0.6850024230992748,False,69,STRONG,1
2025,2,LAC,LV,0,-0.4478228892144118,-1.3870095949367074,0.9446129932800912,-0.3252298863167274,0.0,0.0,-0.1343468667643235,-2.0540526945476976,0.4642857142857143,-2.3316225882167982,0.0,0.3971124672355652,LAC,LAC,1,0.6028875327644347,0.6028875327644347,False,60,MEDIUM,1
2025,3,MIA,BUF,1,0.5350807006446092,1.8648503007971289,0.7475434455662866,0.3576151201474931,0.0,0.0,0.1605242101933827,2.5985514155597254,0.75,1.1173068552308425,0.0,0.6976302273063045,BUF,BUF,1,0.6976302273063045,0.6976302273063045,False,70,STRONG,1
2025,3,ATL,CAR,1,-0.1722532896275708,-0.0932132956966263,-1.801446517163968,-1.258409208247946,0.0,0.0,-0.0516759868882712,-1.5056898680438229,0.75,1.7082332214673417,0.0,0.3541292439388893,ATL,CAR,0,0.6458707560611108,0.6458707560611108,False,65,MEDIUM,0
2025,3,GB,CLE,1,-2.324707743294991,-3.40662031612786,-1.375810228454442,-1.080151057174728,0.0,0.0,-0.6974123229884973,-3.374005290238302,0.3214285714285714,-2.030810087673418,0.0,0.2022298064332308,GB,CLE,0,0.7977701935667691,0.7977701935667691,False,80,ELITE,0
2025,3,HOU,JAX,1,-0.1071020354457097,0.9842224449079406,-0.3705410580995996,0.494557333525763,0.0,0.0,-0.0321306106337129,2.2158983314716534,0.8928571428571428,1.3547635030075402,0.0,0.6611600809735105,JAX,JAX,1,0.6611600809735105,0.6611600809735105,False,66,MEDIUM,1
2025,3,CIN,MIN,1,0.0774543936944582,-1.2920262244572072,0.5425722039407762,-0.0753567792046661,0.0,0.0,0.0232363181083374,-2.5553843095830358,0.75,-1.834598428397984,0.0,0.431231011384721,CIN,MIN,0,0.568768988615279,0.568768988615279,False,57,LOW,0
2025,3,PIT,NE,0,0.2628506770383252,0.8676474646293678,-0.108083742957559,0.8485646107916828,0.0,0.0,0.0788552031114975,1.4217905236321933,0.75,0.9757312075869268,0.0,0.671032615342924,NE,PIT,0,0.671032615342924,0.671032615342924,False,67,STRONG,0
2025,3,LAR,PHI,1,-0.8620246770802136,0.0496851543724465,1.0523916238485893,0.1115208528905831,0.0,0.0,-0.258607403124064,-0.7434993591256507,0.75,-1.002706469476143,0.0,0.5403267428148728,PHI,PHI,1,0.5403267428148728,0.5403267428148728,False,54,PASS,1
2025,3,NYJ,TB,1,0.3519021369525128,1.691508802049893,1.8734565785404549,1.008367153854384,0.0,0.0,0.1055706410857538,1.660133188956151,0.6071428571428572,-0.1819477764905617,0.0,0.7331209254845952,TB,TB,1,0.7331209254845952,0.7331209254845952,False,73,STRONG,1
2025,3,IND,TEN,0,-0.7827907165660637,-1.8436632507839597,-0.6584103906484384,-1.0021445672288931,0.0,0.0,-0.2348372149698191,-4.743492105692664,0.75,-1.185252860135521,0.0,0.2707564675100875,IND,IND,1,0.7292435324899125,0.7292435324899125,False,73,STRONG,1
2025,3,LV,WAS,1,0.1936974143563343,1.227116478380197,0.0195670393843638,0.7139812663641654,0.0,0.0,0.0581092243069003,1.5028410955800895,1.3214285714285714,1.2075494389958332,0.0,0.7076052040093702,WAS,WAS,1,0.7076052040093702,0.7076052040093702,False,71,STRONG,1
2025,3,DEN,LAC,1,0.5254315295213825,-0.1509612911723171,-1.0031927356810448,-0.2633702062536058,0.0,0.0,0.1576294588564147,1.2794992039839177,0.6071428571428572,0.8522314445087278,0.0,0.5046643171532782,LAC,LAC,1,0.5046643171532782,0.5046643171532782,False,50,PASS,1
2025,3,NO,SEA,1,0.2904284821771372,0.1866704183752798,1.2493516285837296,0.6274814738713963,0.0,0.0,0.0871285446531411,-0.3580300377691512,0.75,-1.0626812102084495,0.0,0.6124277413917525,SEA,SEA,1,0.6124277413917525,0.6124277413917525,False,61,MEDIUM,1
2025,3,DAL,CHI,1,-0.1972433922900114,-0.5721525396933456,-0.3006327842923936,-0.5780803654165523,0.0,0.0,-0.0591730176870034,-2.031643199988691,0.75,-0.2715197554009518,0.0,0.4086881319905009,DAL,CHI,0,0.5913118680094991,0.5913118680094991,False,59,LOW,0
2025,3,ARI,SF,1,0.1915237691037923,-0.6488488271930393,-0.2250694152776935,-0.1483108125181392,0.0,0.0,0.0574571307311376,-0.0537800348984313,0.75,-0.4237794119153455,0.0,0.4881151878370509,ARI,SF,0,0.5118848121629491,0.5118848121629491,False,51,PASS,0
2025,3,KC,NYG,0,0.0675435893032982,-1.3512332789111188,-0.1807069547707109,-0.4307296335547012,0.0,0.0,0.0202630767909894,-0.4969288231695473,0.75,-1.170526324140408,0.0,0.4235167673761648,KC,KC,1,0.5764832326238352,0.5764832326238352,False,58,LOW,1
2025,3,DET,BAL,0,0.2113543127567698,0.1154457419311755,1.312266775572758,-0.1455478353496886,0.0,0.0,0.0634062938270309,0.8169755111106286,0.75,-1.196821033641582,0.0,0.5592435772043862,BAL,DET,0,0.5592435772043862,0.5592435772043862,False,56,LOW,0
2025,4,SEA,ARI,0,-1.1194142066300836,0.8275515382707804,-0.3759503457735444,-0.597893753236875,0.0,0.0,-0.3358242619890251,0.6997082024373993,0.75,1.2035018840443248,0.0,0.5088962776870481,ARI,SEA,0,0.5088962776870481,0.5088962776870481,False,51,PASS,0
2025,4,MIN,PIT,1,-0.1520449994422374,0.612574856029303,-2.570673076466162,-1.1730205148477124,0.0,0.0,-0.0456134998326712,1.4914905427552134,0.75,3.183247932495465,0.0,0.4343090957825102,MIN,PIT,0,0.5656909042174898,0.5656909042174898,False,57,LOW,0
2025,4,WAS,ATL,1,-0.7916248512445523,-1.6000934583893296,0.5321934461646751,-0.5962764302181611,0.0,0.0,-0.2374874553733656,-2.0539393487714697,0.75,-2.1322869045540047,0.0,0.3738560702209402,WAS,ATL,0,0.6261439297790597,0.6261439297790597,False,63,MEDIUM,0
2025,4,NO,BUF,1,0.967655577464206,2.99008994826904,0.5070707744409738,0.9804782638353976,0.0,0.0,0.2902966732392618,3.162418928819939,1.1785714285714286,2.4830191738280663,0.0,0.8051843352590387,BUF,BUF,1,0.8051843352590387,0.8051843352590387,False,81,ELITE,1
2025,4,CLE,DET,1,2.3554375138873738,4.179212608975222,-0.300020683126627,1.4522167397331236,0.0,0.0,0.7066312541662121,4.015940310473149,0.6071428571428572,4.479233292101849,0.0,0.8460139521133091,DET,DET,1,0.8460139521133091,0.8460139521133091,False,85,ELITE,1
2025,4,TEN,HOU,1,0.4300213239211174,0.6773449896147233,1.924301815190072,0.3800510433622583,0.0,0.0,0.1290063971763352,1.005966840808924,0.75,-1.2469568255753487,0.0,0.6437177050433849,HOU,HOU,1,0.6437177050433849,0.6437177050433849,False,64,MEDIUM,1
2025,4,CAR,NE,1,0.9964539161423748,0.6321854491085727,-0.3637686694816209,0.2525273937893535,0.0,0.0,0.2989361748427124,1.3466043363027982,0.75,0.9959541185901936,0.0,0.6087464817784313,NE,NE,1,0.6087464817784313,0.6087464817784313,False,61,MEDIUM,1
2025,4,LAC,NYG,1,-1.020207192048232,-1.769810506724517,-1.8347348700607469,-1.7591775784084118,0.0,0.0,-0.3060621576144696,-1.7676622632188792,0.75,0.0649243633362298,0.0,0.2463512751836285,LAC,NYG,0,0.7536487248163715,0.7536487248163715,False,75,ELITE,0
2025,4,PHI,TB,0,0.4542916002817083,0.256138197456843,0.0402636917085606,-0.0174952533237188,0.0,0.0,0.1362874800845125,0.3111723571948503,0.75,0.2158745057482822,0.0,0.5508127654619636,TB,PHI,0,0.5508127654619636,0.5508127654619636,False,55,LOW,0
2025,4,IND,LAR,1,-0.4366513057657366,-0.7806487005951832,-0.1167707444184432,0.0223096581561943,0.0,0.0,-0.130995391729721,-1.7938955713126614,0.75,-0.66387795617674,0.0,0.4629613108603241,IND,LAR,0,0.5370386891396759,0.5370386891396759,False,54,PASS,0
2025,4,JAX,SF,0,0.792560518037424,0.2313841823848811,-0.334486902383857,-0.0493248683108166,0.0,0.0,0.2377681554112272,0.0761077454038386,0.75,0.5658710847687382,0.0,0.5390847590388685,SF,JAX,0,0.5390847590388685,0.5390847590388685,False,54,PASS,0
2025,4,BAL,KC,1,-2.0255826634495624,-1.3051631128050896,0.0543044574703165,-0.2503798809104374,0.0,0.0,-0.6076747990348687,-1.158460593713813,0.8928571428571428,-1.359467570275406,0.0,0.428568382595586,BAL,KC,0,0.5714316174044141,0.5714316174044141,False,57,LOW,0
2025,4,CHI,LV,0,-0.3051327423712742,-0.7151869890569923,0.3273067486254864,0.1894144929979346,0.0,0.0,-0.0915398227113822,-0.9886232017552768,0.75,-1.0424937376824783,0.0,0.5047756940998762,LV,CHI,0,0.5047756940998762,0.5047756940998762,False,50,PASS,0
2025,4,NYJ,MIA,1,-0.3598327525414606,0.711977735468621,-0.7509538188326562,-0.5392177976635254,0.0,0.0,-0.1079498257624381,0.7835364784079724,1.1785714285714286,1.4629315543012773,0.0,0.5395204945532805,MIA,MIA,1,0.5395204945532805,0.5395204945532805,False,54,PASS,1
2025,4,CIN,DEN,1,0.3759717042670489,2.192253868005688,1.5698356083024116,0.7738335414848996,0.0,0.0,0.1127915112801146,3.00397799207207,0.75,0.6224182597032768,0.0,0.7552679398279551,DEN,DEN,1,0.7552679398279551,0.7552679398279551,False,76,ELITE,1
2025,5,SF,LAR,0,0.4500682575297023,0.8656360593312296,0.2016181351154659,0.400977190841072,0.0,0.0,0.1350204772589107,0.7906763485895474,0.75,0.6640179242157637,0.0,0.6256337810283604,LAR,SF,0,0.6256337810283604,0.6256337810283604,False,63,MEDIUM,0
2025,5,MIN,CLE,0,-1.3398952221371752,-1.4300009640658249,-1.0464551727231468,-0.7512188876821478,0.0,0.0,-0.4019685666411525,-0.917767313958222,0.75,-0.383545791342678,0.0,0.3617431874092722,MIN,MIN,1,0.6382568125907278,0.6382568125907278,False,64,MEDIUM,1
2025,5,HOU,BAL,0,1.5032415778433568,2.245786577398448,-1.3784171527116411,0.659799772165024,0.0,0.0,0.450972473353007,1.9275359898181377,0.75,3.624203730110089,0.0,0.7039631386188911,BAL,HOU,0,0.7039631386188911,0.7039631386188911,False,70,STRONG,0
2025,5,MIA,CAR,1,-0.5388073166496596,-0.6818442173255109,0.63984662917308,0.5496952571603425,0.0,0.0,-0.1616421949948978,-1.0105629758678258,0.8928571428571428,-1.321690846498591,0.0,0.5529421751909012,CAR,CAR,1,0.5529421751909012,0.5529421751909012,False,55,LOW,1
2025,5,LV,IND,1,0.8784318589910693,2.029734606852813,0.2502154470066776,0.4745103774398557,0.0,0.0,0.2635295576973208,2.858903658393195,0.75,1.779519159846135,0.0,0.7127952099189441,IND,IND,1,0.7127952099189441,0.7127952099189441,False,71,STRONG,1
2025,5,NYG,NO,1,-0.0329377105817245,0.3683123960417048,-0.2994664805394609,0.3297647787552815,0.0,0.0,-0.0098813131745173,0.2053763662357446,0.75,0.6677788765811656,0.0,0.5782729904662017,NO,NO,1,0.5782729904662017,0.5782729904662017,False,58,LOW,1
2025,5,DAL,NYJ,0,0.1668614910460957,-0.8316146545848746,0.6411198195235464,0.5905673120234378,0.0,0.0,0.0500584473138287,-1.4928487955979033,0.6071428571428572,-1.472734474108421,0.0,0.5274749442058251,NYJ,DAL,0,0.5274749442058251,0.5274749442058251,False,53,PASS,0
2025,5,DEN,PHI,0,-0.2316120423843912,-0.1523103505859871,-0.5544640417007052,-0.2791790931664534,0.0,0.0,-0.0694836127153173,-0.3060191582925821,0.8928571428571428,0.402153691114718,0.0,0.4928332551448536,DEN,DEN,1,0.5071667448551463,0.5071667448551463,False,51,PASS,1
2025,5,TEN,ARI,0,0.5502685215400209,2.507040048035619,1.5991526067825963,0.6184740988941756,0.0,0.0,0.1650805564620062,2.812397479096223,1.1785714285714286,0.9078874412530225,0.0,0.7728207758267005,ARI,TEN,0,0.7728207758267005,0.7728207758267005,False,77,ELITE,0
2025,5,TB,SEA,0,0.6384172134339838,-0.7415025189497284,-0.0732683799896334,0.1887302926795214,0.0,0.0,0.1915251640301951,-0.2871605038321669,1.1785714285714286,-0.6682341389600951,0.0,0.5460962410770154,SEA,TB,0,0.5460962410770154,0.5460962410770154,False,55,PASS,0
2025,5,DET,CIN,0,-1.5555024559342616,-3.496296836141316,-1.1790287263659,-1.673741406778687,0.0,0.0,-0.4666507367802784,-4.427618906694466,0.6071428571428572,-2.3172681097754158,0.0,0.1693524659514641,DET,DET,1,0.8306475340485359,0.8306475340485359,False,83,ELITE,1
2025,5,WAS,LAC,0,0.1822756812487393,-0.6115338002783224,1.0550300525703078,0.1234471401582137,0.0,0.0,0.0546827043746218,-0.8518410708928876,0.75,-1.6665638528486304,0.0,0.5193401227850168,LAC,WAS,0,0.5193401227850168,0.5193401227850168,False,52,PASS,0
2025,5,NE,BUF,0,-0.1270456221405735,1.4152948500812048,0.4914164379788548,0.8040211969496996,0.0,0.0,-0.038113686642172,0.9849614123263596,0.75,0.92387841210235,0.0,0.6850286186417097,BUF,NE,0,0.6850286186417097,0.6850286186417097,False,69,STRONG,0
2025,5,KC,JAX,1,-0.4390202023751453,-0.8342470532955677,0.7559841883031417,0.3640825102315076,0.0,0.0,-0.1317060607125435,-0.754685816597281,0.75,-1.5902312415987097,0.0,0.5266540890968694,JAX,JAX,1,0.5266540890968694,0.5266540890968694,False,53,PASS,1
2025,6,PHI,NYG,1,-0.3344427199946267,-1.5808752081632025,-1.256950692579997,-0.2906938444365181,0.0,0.0,-0.100332815998388,-1.0145177863461448,0.75,-0.3239245155832053,0.0,0.3998026013903422,PHI,NYG,0,0.6001973986096578,0.6001973986096578,False,60,MEDIUM,0
2025,6,DEN,NYJ,0,-0.5419600730433483,-1.7258137264233482,-2.216402733259013,-0.140427385635759,0.0,0.0,-0.1625880219130044,-1.8764476073980847,0.75,0.4905890068356652,0.0,0.3773991641798574,DEN,DEN,1,0.6226008358201425,0.6226008358201425,False,62,MEDIUM,1
2025,6,LAR,BAL,0,-0.0028800948036638,-0.8629216301517634,-0.6499502104389097,-0.7213016097031433,0.0,0.0,-0.0008640284410991,-1.675511333019878,0.3214285714285714,-0.2129714197128537,0.0,0.3601778062180325,LAR,LAR,1,0.6398221937819675,0.6398221937819675,False,64,MEDIUM,1
2025,6,DAL,CAR,1,-0.777973784685551,-0.8303395014804665,0.610823125610205,0.3517943881618995,0.0,0.0,-0.2333921354056652,-1.7611015288273306,0.75,-1.4411626270906714,0.0,0.5017623324714066,CAR,CAR,1,0.5017623324714066,0.5017623324714066,False,50,PASS,1
2025,6,ARI,IND,1,0.9434267782500384,0.88932588456304,-0.0138530713918314,0.5215886763265309,0.0,0.0,0.2830280334750115,1.918603734204152,0.75,0.9031789559548714,0.0,0.6575122781302082,IND,IND,1,0.6575122781302082,0.6575122781302082,False,66,MEDIUM,1
2025,6,SEA,JAX,0,-1.670984290620564,-1.2520010193191111,-0.2862780358540476,-0.7199671477891528,0.0,0.0,-0.5012952871861691,-1.6012384427239783,0.6071428571428572,-0.9657229834650636,0.0,0.3586144347462462,SEA,SEA,1,0.6413855652537538,0.6413855652537538,False,64,MEDIUM,1
2025,6,LAC,MIA,0,0.4709439740740015,1.4533717287737953,-2.141782055341048,-0.8802291155947517,0.0,0.0,0.1412831922222004,2.036867363435236,0.75,3.595153784114843,0.0,0.5182108874265048,MIA,LAC,0,0.5182108874265048,0.5182108874265048,False,52,PASS,0
2025,6,NE,NO,0,-1.238147126902902,-1.5951299686450982,-0.0179566537596187,-0.2079663637147866,0.0,0.0,-0.3714441380708706,-2.2065073314325265,0.75,-1.5771733148854794,0.0,0.3963617680693548,NE,NE,1,0.6036382319306451,0.6036382319306451,False,60,MEDIUM,1
2025,6,CLE,PIT,1,1.336219336543388,1.982089967109359,-0.4069170624866354,0.4385560218291817,0.0,0.0,0.4008658009630164,2.3228494953051944,1.75,2.3890070295959944,0.0,0.7475162559821245,PIT,PIT,1,0.7475162559821245,0.7475162559821245,False,75,STRONG,1
2025,6,TEN,LV,1,0.0603386933414249,-0.0825535196691185,0.9383165326502928,0.28493784604949,0.0,0.0,0.0181016080024274,-0.1981665099713414,0.75,-1.0208700523194114,0.0,0.5665598390491551,LV,LV,1,0.5665598390491551,0.5665598390491551,False,57,LOW,1
2025,6,CIN,GB,1,1.5431144906083478,3.195635870410345,1.5961953364276251,1.4523118811396651,0.0,0.0,0.4629343471825043,4.484959978079399,1.75,1.599440533982719,0.0,0.8775872840595814,GB,GB,1,0.8775872840595814,0.8775872840595814,False,88,ELITE,1
2025,6,SF,TB,1,0.5091663663594677,1.1144408060284603,0.5843865829612849,0.0110979755911805,0.0,0.0,0.1527499099078403,0.8870361299301668,0.3214285714285714,0.5300542230671756,0.0,0.5796107867349167,TB,TB,1,0.5796107867349167,0.5796107867349167,False,58,LOW,1
2025,6,DET,KC,1,-1.5674654122023148,-1.3860480072883257,-0.596583802687319,-0.8245568417143928,0.0,0.0,-0.4702396236606944,-1.161595704322253,0.6071428571428572,-0.789464204601007,0.0,0.3485127477686781,DET,KC,0,0.651487252231322,0.651487252231322,False,65,MEDIUM,0
2025,6,BUF,ATL,1,-0.5178655320457333,-1.93795283310464,-0.3032985308122881,-0.6306606613563714,0.0,0.0,-0.1553596596137199,-1.8890903631545355,1.75,-1.6346543022923514,0.0,0.4138296503131869,BUF,ATL,0,0.5861703496868131,0.5861703496868131,False,59,LOW,0
2025,6,CHI,WAS,0,0.033846278022537,1.2812010865405246,-0.2439916633113109,1.26707273904627,0.0,0.0,0.0101538834067611,1.401081459036451,-0.25,1.5251927498518354,0.0,0.6597375693537315,WAS,CHI,0,0.6597375693537315,0.6597375693537315,False,66,MEDIUM,0
2025,7,PIT,CIN,1,-0.740476075475978,-1.434081471477587,-1.6931845989235603,-0.88741273248441,0.0,0.0,-0.2221428226427934,-2.927252773243846,0.75,0.2591031274459737,0.0,0.3104680143019303,PIT,CIN,0,0.6895319856980697,0.6895319856980697,False,69,STRONG,0
2025,7,LAR,JAX,0,-0.9844112088040072,-0.7832393678410643,-0.473454218086352,-0.8937616473051502,0.0,0.0,-0.2953233626412021,-0.4185257027433196,0.75,-0.3097851497547122,0.0,0.39315226548022,LAR,LAR,1,0.60684773451978,0.60684773451978,False,61,MEDIUM,1
2025,7,NO,CHI,1,0.5305221699270786,0.6985594551868111,0.1128195715117447,-0.1736801794778775,0.0,0.0,0.1591566509781235,0.9655149813627156,0.6071428571428572,0.5857398836750664,0.0,0.5586063668514915,CHI,CHI,1,0.5586063668514915,0.5586063668514915,False,56,LOW,1
2025,7,MIA,CLE,1,-1.0715936860527484,-2.70342507241956,1.0812172560855453,-0.0249657475629749,0.0,0.0,-0.3214781058158245,-2.702376013338773,0.75,-3.7846423285051056,0.0,0.3770290785721771,MIA,CLE,0,0.6229709214278228,0.6229709214278228,False,62,MEDIUM,0
2025,7,LV,KC,1,0.544735890762801,2.7375938044270907,0.4083449367369696,0.5249562116415596,0.0,0.0,0.1634207672288403,3.454739933384435,0.75,2.3292488676901213,0.0,0.748722191273561,KC,KC,1,0.748722191273561,0.748722191273561,False,75,STRONG,1
2025,7,PHI,MIN,0,-0.081596352856756,-0.5056646122448155,1.0681951463542914,0.4746378412083157,0.0,0.0,-0.0244789058570268,-0.2439504751099953,1.3214285714285714,-1.573859758599107,0.0,0.604291075260792,MIN,PHI,0,0.604291075260792,0.604291075260792,False,60,MEDIUM,0
2025,7,CAR,NYJ,0,-0.5131087055890875,-1.4496980476628132,0.0266711621941337,-0.2100454779663013,0.0,0.0,-0.1539326116767262,-1.800922830425437,0.75,-1.476369209856947,0.0,0.4149597602867048,CAR,CAR,1,0.5850402397132952,0.5850402397132952,False,59,LOW,1
2025,7,NE,TEN,0,-1.754104089243551,-2.407140006120464,-0.6951248608030249,-0.2621932808847432,0.0,0.0,-0.5262312267730653,-3.285643360817037,0.75,-1.7120151453174393,0.0,0.3288586644861384,NE,NE,1,0.6711413355138616,0.6711413355138616,False,67,STRONG,1
2025,7,NYG,DEN,1,0.8637680607876965,1.8532087777862187,1.747030920167462,0.923900902008083,0.0,0.0,0.2591304182363089,1.4919986861201973,0.3214285714285714,0.1061778576187567,0.0,0.7155097219623657,DEN,DEN,1,0.7155097219623657,0.7155097219623657,False,72,STRONG,1
2025,7,IND,LAC,0,-0.8040121162881513,-1.4161774015482924,-0.4751964036547348,-0.2534507384807305,0.0,0.0,-0.2412036348864453,-2.4228930256581744,0.75,-0.9409809978935576,0.0,0.3916703379118773,IND,IND,1,0.6083296620881227,0.6083296620881227,False,61,MEDIUM,1
2025,7,GB,ARI,0,-1.4120971917676348,-1.308355097535181,-0.3174631283103278,-1.2219307067517091,0.0,0.0,-0.4236291575302904,-1.7702096046747309,0.75,-0.990891969224853,0.0,0.3196823348771598,GB,GB,1,0.6803176651228402,0.6803176651228402,False,68,STRONG,1
2025,7,WAS,DAL,1,-0.008458136695324,0.0820956569097851,-0.9184058719067684,-0.9967633317954344,0.0,0.0,-0.0025374410085972,0.6380826230152195,0.8928571428571428,1.0005015288165535,0.0,0.4475427071525619,WAS,DAL,0,0.552457292847438,0.552457292847438,False,55,LOW,0
2025,7,ATL,SF,1,0.1034111235994652,-0.0599901681967059,-1.744245167138233,-0.1753459826281223,0.0,0.0,0.0310233370798395,-0.1287841419791564,0.8928571428571428,1.6842549989415272,0.0,0.4949715067993417,ATL,SF,0,0.5050284932006582,0.5050284932006582,False,51,PASS,0
2025,7,TB,DET,1,-0.3553575822792645,0.2782732721921283,0.0936033697515454,0.8796203864886665,0.0,0.0,-0.1066072746837793,0.1014279313306373,0.75,0.1846699024405829,0.0,0.6272137977799411,DET,DET,1,0.6272137977799411,0.6272137977799411,False,63,MEDIUM,1
2025,7,HOU,SEA,1,1.3683471204226083,0.9005149529403678,-1.5134976239716742,0.2311747047134504,0.0,0.0,0.4105041361267825,0.961538768407403,-0.25,2.4140125769120417,0.0,0.5313330358273202,SEA,SEA,1,0.5313330358273202,0.5313330358273202,False,53,PASS,1
2025,8,MIN,LAC,1,-0.5597175527607257,-0.404080555466294,-1.7060154793954283,-0.9322068325266802,0.0,0.0,-0.1679152658282177,-0.5724485712635904,0.75,1.3019349239291345,0.0,0.3872563585494171,MIN,LAC,0,0.6127436414505829,0.6127436414505829,False,61,MEDIUM,0
2025,8,MIA,ATL,0,0.6130675885934993,0.0410091564168049,0.2616500930236601,0.3688738902902061,0.0,0.0,0.1839202765780498,0.3080922776884794,0.75,-0.2206409366068551,0.0,0.5830664275249963,ATL,MIA,0,0.5830664275249963,0.5830664275249963,False,58,LOW,0
2025,8,CHI,BAL,1,-0.1019584378212998,-1.1391555185483233,-1.9068491868918347,-0.1654603497000506,0.0,0.0,-0.0305875313463899,-2.756459027119189,1.75,0.7676936683435115,0.0,0.4538244578256686,CHI,BAL,0,0.5461755421743314,0.5461755421743314,False,55,PASS,0
2025,8,BUF,CAR,0,-0.6801274091196503,-0.6957346889096369,-1.0975074063168873,-0.005260460286543,0.0,0.0,-0.2040382227358951,-0.4005005910860991,-0.1071428571428571,0.4017727174072505,0.0,0.4183581439811971,BUF,BUF,1,0.5816418560188028,0.5816418560188028,False,58,LOW,1
2025,8,NYJ,CIN,0,0.7074559084326171,1.2881040033540192,-0.948727460489276,-0.4114156117267747,0.0,0.0,0.2122367725297851,1.3789612509493847,1.1785714285714286,2.236831463843296,0.0,0.5907463061291557,CIN,NYJ,0,0.5907463061291557,0.5907463061291557,False,59,LOW,0
2025,8,SF,HOU,1,-0.1046336616576542,-0.2397334563980497,3.010540737069181,0.6443481415869106,0.0,0.0,-0.0313900984972962,0.0495414426385767,0.6071428571428572,-3.250274193467232,0.0,0.6176596233264545,HOU,HOU,1,0.6176596233264545,0.6176596233264545,False,62,MEDIUM,1
2025,8,CLE,NE,1,2.3440320517265776,3.183217194435467,-0.4409844591500203,0.5409035018746149,0.0,0.0,0.7032096155179732,3.794775788392095,0.75,3.624201653585487,0.0,0.7680999872374886,NE,NE,1,0.7680999872374886,0.7680999872374886,False,77,ELITE,1
2025,8,NYG,PHI,1,1.1660669818885756,1.1794571193228738,0.1513931538782722,-0.0461444249948284,0.0,0.0,0.3498200945665726,0.4410633737171042,0.75,1.0280639654446015,0.0,0.5943039795813934,PHI,PHI,1,0.5943039795813934,0.5943039795813934,False,59,LOW,1
2025,8,TB,NO,0,-1.0493906695646538,-1.5745622003873017,-0.570197207440741,-0.586388047540633,0.0,0.0,-0.3148172008693961,-1.2715440498894808,0.8928571428571428,-1.0043649929465608,0.0,0.3819755871108746,TB,TB,1,0.6180244128891255,0.6180244128891255,False,62,MEDIUM,1
2025,8,DAL,DEN,1,-0.8360915722967945,-0.6038866887277963,1.9579784890839216,1.4322497054607908,0.0,0.0,-0.2508274716890383,-1.7565237032944898,0.75,-2.5618651778117183,0.0,0.6321748601955075,DEN,DEN,1,0.6321748601955075,0.6321748601955075,False,63,MEDIUM,1
2025,8,TEN,IND,1,0.9053366775953052,3.1297510455758286,0.2986828754054183,0.429094137308324,0.0,0.0,0.2716010032785916,4.35012280326776,0.75,2.8310681701704103,0.0,0.7671199328937433,IND,IND,1,0.7671199328937433,0.7671199328937433,False,77,ELITE,1
2025,8,GB,PIT,0,-0.2681881762010794,-0.5771526782194131,-0.086769044587519,-0.4638807466786582,0.0,0.0,-0.0804564528603238,0.1342952533263688,1.1785714285714286,-0.4903836336318941,0.0,0.4914341017509773,GB,GB,1,0.5085658982490227,0.5085658982490227,False,51,PASS,1
2025,8,WAS,KC,1,0.3559153172985128,1.4141862921395187,1.58563790094448,0.5581951537842667,0.0,0.0,0.1067745951895538,2.026436077321199,0.75,-0.1714516088049614,0.0,0.698342044086587,KC,KC,1,0.698342044086587,0.698342044086587,False,70,STRONG,1
2025,9,BAL,MIA,0,-0.1465184621693045,0.3687991836405677,1.4226117343950144,0.2237466163013307,0.0,0.0,-0.0439555386507913,0.7148238698737681,0.75,-1.053812550754447,0.0,0.6015727032667239,MIA,BAL,0,0.6015727032667239,0.6015727032667239,False,60,MEDIUM,0
2025,9,CHI,CIN,0,0.1125659174733506,1.0937771635921958,-3.0244982616496427,-0.1972432372408711,0.0,0.0,0.0337697752420051,1.0090951830277315,0.75,4.118275425241838,0.0,0.5342573262017187,CIN,CHI,0,0.5342573262017187,0.5342573262017187,False,53,PASS,0
2025,9,MIN,DET,0,1.1739762935554157,1.402373498036131,2.736285174708311,1.0269966493586162,0.0,0.0,0.3521928880666247,1.308386146307832,1.1785714285714286,-1.3339116766721797,0.0,0.7627569524303012,DET,MIN,0,0.7627569524303012,0.7627569524303012,False,76,ELITE,0
2025,9,CAR,GB,0,1.301320072141572,2.397327561880892,0.674573228284519,0.2366978364768912,0.0,0.0,0.3903960216424715,2.708654221577985,0.75,1.7227543335963726,0.0,0.7114739895995313,GB,CAR,0,0.7114739895995313,0.7114739895995313,False,71,STRONG,0
2025,9,DEN,HOU,0,0.264555312689104,-0.2685384548335986,1.4099159996638104,0.0515220576749964,0.0,0.0,0.0793665938067312,0.0768414494211364,0.75,-1.6784544544974092,0.0,0.5500972682218965,HOU,DEN,0,0.5500972682218965,0.5500972682218965,False,55,LOW,0
2025,9,ATL,NE,1,0.9979482561607416,1.392778545293607,1.744759593100082,0.7936890059674911,0.0,0.0,0.2993844768482224,1.7034055136138249,0.75,-0.351981047806475,0.0,0.7169354515569945,NE,NE,1,0.7169354515569945,0.7169354515569945,False,72,STRONG,1
2025,9,SF,NYG,0,0.2369715236130711,0.0906348900026216,0.086329413312932,-0.0704003044233769,0.0,0.0,0.0710914570839213,0.3510497470995577,0.75,0.0043054766896896,0.0,0.5388830000772643,NYG,SF,0,0.5388830000772643,0.5388830000772643,False,54,PASS,0
2025,9,IND,PIT,1,-0.2962805351869577,-1.5737783686049271,-1.3575645716643223,-0.2514604724142411,0.0,0.0,-0.0888841605560873,-1.764295579591011,0.75,-0.2162137969406051,0.0,0.3887348883137952,IND,PIT,0,0.6112651116862047,0.6112651116862047,False,61,MEDIUM,0
2025,9,LAC,TEN,0,-0.6457286341263075,-2.252407408379378,-0.2129770040084636,-0.2629130494232906,0.0,0.0,-0.1937185902378922,-2.4354717747399586,0.3214285714285714,-2.0394304043709144,0.0,0.336841634539049,LAC,LAC,1,0.663158365460951,0.663158365460951,False,66,MEDIUM,1
2025,9,NO,LAR,1,1.0529336817089066,2.390303679076476,0.5823099951283598,0.7518482064419946,0.0,0.0,0.3158801045126719,2.5161640543806376,1.75,1.807993683948116,0.0,0.7924474560312703,LAR,LAR,1,0.7924474560312703,0.7924474560312703,False,79,ELITE,1
2025,9,JAX,LV,0,-0.6219257944515073,-2.516877033884656,0.621146046461926,-0.0411791400183886,0.0,0.0,-0.1865777383354522,-2.953203057875763,0.75,-3.1380230803465823,0.0,0.3748157102757644,JAX,JAX,1,0.6251842897242356,0.6251842897242356,False,63,MEDIUM,1
2025,9,KC,BUF,1,-0.2172524599045275,-0.7737609879321677,-0.7791747391048063,-0.9810056029174874,0.0,0.0,-0.0651757379713582,-1.1794674132334235,0.8928571428571428,0.0054137511726387,0.0,0.3813093783376904,KC,BUF,0,0.6186906216623096,0.6186906216623096,False,62,MEDIUM,0
2025,9,SEA,WAS,0,-0.8648587348745957,-0.9204386992212172,-0.9093122769274008,-0.1843494513173682,0.0,0.0,-0.2594576204623787,-1.188252489819353,-0.25,-0.0111264222938163,0.0,0.3707597756939875,SEA,SEA,1,0.6292402243060125,0.6292402243060125,False,63,MEDIUM,1
2025,9,ARI,DAL,0,0.9024865439196956,1.4645354855124266,-0.0856980514395776,-0.0913663880613202,0.0,0.0,0.2707459631759086,2.03072771325874,-0.25,1.5502335369520042,0.0,0.5615158409027659,DAL,ARI,0,0.5615158409027659,0.5615158409027659,False,56,LOW,0
2025,10,LV,DEN,1,0.5359641565860809,2.835040660903978,1.7831452212880716,1.385176829871924,0.0,0.0,0.1607892469758242,2.9913934025806888,0.75,1.0518954396159064,0.0,0.815536988167424,DEN,DEN,1,0.815536988167424,0.815536988167424,False,82,ELITE,1
2025,10,ATL,IND,1,0.590197199482636,2.401803561520265,0.215580329340566,0.8600838482727019,0.0,0.0,0.1770591598447908,2.9037435152099764,0.75,2.186223232179699,0.0,0.7528060534181392,IND,IND,1,0.7528060534181392,0.7528060534181392,False,75,ELITE,1
2025,10,NO,CAR,0,-0.0993625510454849,2.262558130627845,0.0087102985628534,0.9123342100116494,0.0,0.0,-0.0298087653136454,2.449472846064691,0.75,2.253847832064991,0.0,0.73974770709906,CAR,NO,0,0.73974770709906,0.73974770709906,False,74,STRONG,0
2025,10,NYG,CHI,1,0.0343016282137478,0.3393031873054825,1.3957590497917896,0.7714818175693211,0.0,0.0,0.0102904884641243,0.2537402745302181,0.75,-1.056455862486307,0.0,0.6427739914279298,CHI,CHI,1,0.6427739914279298,0.6427739914279298,False,64,MEDIUM,1
2025,10,JAX,HOU,1,0.2730294034469116,0.2994075059742516,2.811742445631028,1.2063474985766516,0.0,0.0,0.0819088210340734,0.4088933632890368,0.75,-2.512334939656776,0.0,0.7008311493815972,HOU,HOU,1,0.7008311493815972,0.7008311493815972,False,70,STRONG,1
2025,10,BUF,MIA,1,-1.2807138212620264,-2.387891225665125,-0.1269375443726794,-0.7380022461951952,0.0,0.0,-0.3842141463786079,-2.5499107708228923,1.1785714285714286,-2.2609536812924462,0.0,0.3367768336395324,BUF,MIA,0,0.6632231663604675,0.6632231663604675,False,66,MEDIUM,0
2025,10,BAL,MIN,0,-0.7460865136179753,-0.7986388063885209,-0.8393960565322978,0.1961677397012362,0.0,0.0,-0.2238259540853925,-0.644398460285542,0.3214285714285714,0.0407572501437768,0.0,0.4600741162435197,BAL,BAL,1,0.5399258837564802,0.5399258837564802,False,54,PASS,1
2025,10,CLE,NYJ,1,-0.1409956533182303,0.9648741823338328,-1.7935988759495365,0.2984273257164432,0.0,0.0,-0.0422986959954691,0.753816883628404,0.75,2.758473058283369,0.0,0.5875456393259383,NYJ,NYJ,1,0.5875456393259383,0.5875456393259383,False,59,LOW,1
2025,10,NE,TB,0,-0.598233703934036,-0.5080283081873145,-0.4893435831180401,-0.8127624874023837,0.0,0.0,-0.1794701111802107,-0.9705665559982146,1.75,-0.0186847250692742,0.0,0.4689393508759638,NE,NE,1,0.5310606491240362,0.5310606491240362,False,53,PASS,1
2025,10,ARI,SEA,1,1.6280249165917513,1.0650007073147831,0.2580574814051882,0.815242927317133,0.0,0.0,0.4884074749775253,1.4516218889377457,0.8928571428571428,0.8069432259095951,0.0,0.696763479626504,SEA,SEA,1,0.696763479626504,0.696763479626504,False,70,STRONG,1
2025,10,LAR,SF,0,-0.7181277068014031,-0.5586221582355585,-2.7579871040402657,-1.2058061714108026,0.0,0.0,-0.2154383120404209,-0.473577471266218,0.75,2.1993649458047075,0.0,0.3431912072942448,LAR,LAR,1,0.6568087927057552,0.6568087927057552,False,66,MEDIUM,1
2025,10,DET,WAS,0,-1.0977455681546946,-1.7664359284804547,-2.646304180065468,-0.7507102902824703,0.0,0.0,-0.3293236704464083,-1.7436822380491064,0.75,0.8798682515850133,0.0,0.3155338208794979,DET,DET,1,0.684466179120502,0.684466179120502,False,68,STRONG,1
2025,10,PIT,LAC,1,0.4150730454763951,0.7556327235443345,0.9865924734332472,1.3087545747868885,0.0,0.0,0.1245219136429185,0.6371549875124138,0.75,-0.2309597498889126,0.0,0.7069832395877044,LAC,LAC,1,0.7069832395877044,0.7069832395877044,False,71,STRONG,1
2025,10,PHI,GB,0,-0.6087581784253873,0.0630180203006103,0.7285261128097362,0.7518816069808859,0.0,0.0,-0.1826274535276161,0.1301438168355967,-0.25,-0.6655080925091258,0.0,0.5503348295899955,GB,PHI,0,0.5503348295899955,0.5503348295899955,False,55,LOW,0
2025,11,NYJ,NE,1,2.5777331670145225,2.408199755684336,1.2423627000301771,1.0963001477462404,0.0,0.0,0.7733199501043567,2.9045794301806174,0.75,1.1658370556541582,0.0,0.7894191409006525,NE,NE,1,0.7894191409006525,0.7894191409006525,False,79,ELITE,1
2025,11,WAS,MIA,1,-0.3695292065184046,-0.1097490635436934,3.375272069876478,0.4773708310033631,0.0,0.0,-0.1108587619555213,-0.136363324001892,0.75,-3.485021133420172,0.0,0.6163532831918402,MIA,MIA,1,0.6163532831918402,0.6163532831918402,False,62,MEDIUM,1
2025,11,CAR,ATL,0,0.7160505203356471,0.4910855329760714,0.0626031700768446,-0.2566793075822005,0.0,0.0,0.2148151561006941,0.6955155115877888,0.75,0.4284823628992268,0.0,0.5469211444899871,ATL,CAR,0,0.5469211444899871,0.5469211444899871,False,55,PASS,0
2025,11,TB,BUF,1,0.3042787850143775,1.345213376534696,-1.3198000589616217,0.1054028975227527,0.0,0.0,0.0912836355043132,1.5285361296699846,0.75,2.6650134354963178,0.0,0.608685406783334,BUF,BUF,1,0.608685406783334,0.608685406783334,False,61,MEDIUM,1
2025,11,LAC,JAX,1,-1.0045521328013267,-1.323568757884932,-2.13836782654661,-1.3891167409301413,0.0,0.0,-0.301365639840398,-1.3835862486825727,0.75,0.8147990686616777,0.0,0.2914136163454311,LAC,JAX,0,0.7085863836545689,0.7085863836545689,False,71,STRONG,0
2025,11,CHI,MIN,0,-0.6931481861787705,-2.603142401053372,-0.4902285693245116,-0.5161281595899314,0.0,0.0,-0.2079444558536311,-3.232264924853077,0.75,-2.1129138317288603,0.0,0.3102543896152731,CHI,CHI,1,0.6897456103847268,0.6897456103847268,False,69,STRONG,1
2025,11,GB,NYG,0,-0.1124288285040919,-0.2361713171623313,-2.574143013299164,-1.4358518882834543,0.0,0.0,-0.0337286485512275,0.1783303972805557,0.8928571428571428,2.337971696136832,0.0,0.3614126305553517,GB,GB,1,0.6385873694446482,0.6385873694446482,False,64,MEDIUM,1
2025,11,CIN,PIT,1,-0.8330448782248787,-2.8573433315719385,1.909824491755524,-0.3278029306559377,0.0,0.0,-0.2499134634674636,-2.9998183490298658,-0.25,-4.767167823327463,0.0,0.293495810005923,CIN,PIT,0,0.7065041899940769,0.7065041899940769,False,71,STRONG,0
2025,11,HOU,TEN,0,0.0817163546396786,-1.4860786605191048,-2.6773994193475352,-1.2075075757578508,0.0,0.0,0.0245149063919035,-1.7641112470527842,1.75,1.1913207588284305,0.0,0.3519485675797684,HOU,HOU,1,0.6480514324202316,0.6480514324202316,False,65,MEDIUM,1
2025,11,SF,ARI,0,-0.1549265407771147,-0.9403217049969336,1.1701804779228722,-0.2572878274546997,0.0,0.0,-0.0464779622331344,-1.2773085619815294,0.75,-2.110502182919806,0.0,0.4600690870792359,SF,SF,1,0.5399309129207641,0.5399309129207641,False,54,PASS,1
2025,11,SEA,LAR,1,-1.298088347528103,1.1124004898444322,0.0406974634013782,0.4185980458550831,0.0,0.0,-0.3894265042584309,1.0974492430473235,0.75,1.0717030264430538,0.0,0.6288551193939349,LAR,LAR,1,0.6288551193939349,0.6288551193939349,False,63,MEDIUM,1
2025,11,BAL,CLE,0,-1.447867541501176,-2.317187688603114,0.274736707914998,-0.8699516090266796,0.0,0.0,-0.4343602624503527,-1.9676537074232583,0.75,-2.591924396518112,0.0,0.3171127857964095,BAL,BAL,1,0.6828872142035904,0.6828872142035904,False,68,STRONG,1
2025,11,KC,DEN,1,-0.7514152449750697,-1.2930321550359525,-0.044406205787731,-0.2101210969206851,0.0,0.0,-0.2254245734925209,-1.6773535273145317,0.1785714285714286,-1.2486259492482217,0.0,0.3844769375174602,KC,DEN,0,0.6155230624825397,0.6155230624825397,False,62,MEDIUM,0
2025,11,DET,PHI,1,0.6728199168271942,0.0658080866775173,0.0147919265017148,-0.2931380590511045,0.0,0.0,0.2018459750481582,0.2218867300212736,0.6071428571428572,0.0510161601758027,0.0,0.5063022248356617,PHI,PHI,1,0.5063022248356617,0.5063022248356617,False,51,PASS,1
2025,11,DAL,LV,0,-0.7933016070658736,-2.7909740778461134,1.3008318408918684,-0.1767660988158792,0.0,0.0,-0.237990482119762,-3.307597365793993,0.3214285714285714,-4.091805918737982,0.0,0.3283738001186694,DAL,DAL,1,0.6716261998813305,0.6716261998813305,False,67,STRONG,1
2025,12,BUF,HOU,1,-1.409324022874399,-1.8172211297273175,1.215712384123972,-0.1595885777127276,0.0,0.0,-0.4227972068623197,-1.632117026765777,0.75,-3.0329335138512894,0.0,0.4190870067590597,BUF,HOU,0,0.5809129932409403,0.5809129932409403,False,58,LOW,0
2025,12,NYJ,BAL,1,1.5276591896986216,1.6576255361404346,2.617836855457143,1.556917108261064,0.0,0.0,0.4582977569095864,1.5730274471726815,0.3214285714285714,-0.9602113193167084,0.0,0.7705079903449212,BAL,BAL,1,0.7705079903449212,0.7705079903449212,False,77,ELITE,1
2025,12,PIT,CHI,1,0.3403458555684584,1.992588169957608,-0.8811955132502208,0.4975618144668825,0.0,0.0,0.1021037566705375,2.2601608153878576,0.75,2.873783683207829,0.0,0.6866032985762697,CHI,CHI,1,0.6866032985762697,0.6866032985762697,False,69,STRONG,1
2025,12,NE,CIN,0,-0.6298937699950486,0.5549717635779273,-3.509513345619902,-0.5737643559608308,0.0,0.0,-0.1889681309985146,0.3916040467811918,0.3214285714285714,4.064485109197829,0.0,0.4234998385193458,NE,NE,1,0.5765001614806542,0.5765001614806542,False,58,LOW,1
2025,12,NYG,DET,1,0.7995260740695791,-0.407718585924734,3.608669857053036,1.0433480789138936,0.0,0.0,0.2398578222208737,-1.1363183513244113,0.75,-4.01638844297777,0.0,0.6486348280086088,DET,DET,1,0.6486348280086088,0.6486348280086088,False,65,MEDIUM,1
2025,12,MIN,GB,1,1.3707538702643314,2.9829506877392062,0.4169888606749229,1.0635572834589757,0.0,0.0,0.4112261610792994,3.3683591434293456,0.75,2.5659618270642834,0.0,0.7954217947300368,GB,GB,1,0.7954217947300368,0.7954217947300368,False,80,ELITE,1
2025,12,IND,KC,1,-0.3807887309174385,-0.4671361533496609,0.878227495991139,0.0985922496496344,0.0,0.0,-0.1142366192752315,-0.7206153598704307,-0.25,-1.3453636493408,0.0,0.4527080193899039,IND,KC,0,0.5472919806100961,0.5472919806100961,False,55,PASS,0
2025,12,SEA,TEN,0,-1.7710157092455274,-1.6787737021271067,-3.1429633118271214,-1.5023139763069588,0.0,0.0,-0.5313047127736582,-1.8570243459709124,0.75,1.464189609700015,0.0,0.2482643994722837,SEA,SEA,1,0.7517356005277163,0.7517356005277163,False,75,ELITE,1
2025,12,JAX,ARI,0,0.7327714886633543,0.3847953963509763,-0.8201744820844054,-0.3741803536539384,0.0,0.0,0.2198314465990062,0.1768828745441328,0.75,1.2049698784353815,0.0,0.5084056012091812,ARI,JAX,0,0.5084056012091812,0.5084056012091812,False,51,PASS,0
2025,12,CLE,LV,0,0.5581521462436578,-0.2250386271224685,-2.344692887612834,-0.7755763747150478,0.0,0.0,0.1674456438730973,-0.5446616356283646,0.6071428571428572,2.119654260490365,0.0,0.3986656217699457,CLE,CLE,1,0.6013343782300543,0.6013343782300543,False,60,MEDIUM,1
2025,12,PHI,DAL,1,-0.9629796887700586,-0.883679796918139,-1.5080741756932805,-0.2089075523355094,0.0,0.0,-0.2888939066310175,-0.6351627235524183,0.6071428571428572,0.6243943787751411,0.0,0.4255808603139436,PHI,DAL,0,0.5744191396860563,0.5744191396860563,False,57,LOW,0
2025,12,ATL,NO,0,-0.2630100722676363,-1.6045308483079326,1.3147183558619675,-0.3532561268556,0.0,0.0,-0.0789030216802908,-1.7930909278924985,1.75,-2.9192492041699003,0.0,0.4810399169869869,ATL,ATL,1,0.518960083013013,0.518960083013013,False,52,PASS,1
2025,12,TB,LAR,1,1.1300431860442388,2.231737271889185,0.557028484797998,0.4216049661261917,0.0,0.0,0.3390129558132716,2.732251437374804,0.75,1.674708787091187,0.0,0.7185094987927995,LAR,LAR,1,0.7185094987927995,0.7185094987927995,False,72,STRONG,1
2025,12,CAR,SF,1,1.3401984262615136,2.3583883481238,-0.362933712109357,0.4555365071640188,0.0,0.0,0.402059527878454,2.874601922827056,0.75,2.721322060233157,0.0,0.717870478828044,SF,SF,1,0.717870478828044,0.717870478828044,False,72,STRONG,1
2025,13,GB,DET,0,0.6515114222530229,0.1441110016941937,-0.8154309999751553,0.1060819703981602,0.0,0.0,0.1954534266759068,-0.0309280660659035,0.75,0.9595420016693492,0.0,0.5404361059226622,DET,GB,0,0.5404361059226622,0.5404361059226622,False,54,PASS,0
2025,13,KC,DAL,1,0.3233904878136173,-0.7916816497498509,-0.4971337555986303,0.0662545342924153,0.0,0.0,0.0970171463440852,-0.7194824013436198,0.75,-0.2945478941512204,0.0,0.4870792151006082,KC,DAL,0,0.5129207848993917,0.5129207848993917,False,51,PASS,0
2025,13,CIN,BAL,0,0.3277774624930245,0.1701511089464227,4.417096472716837,1.215187590372789,0.0,0.0,0.0983332387479073,0.0129581961735202,0.75,-4.246945363770414,0.0,0.7106542514744608,BAL,CIN,0,0.7106542514744608,0.7106542514744608,False,71,STRONG,0
2025,13,CHI,PHI,0,0.2342000359495721,-0.1878398664121675,1.5020486699279585,0.3284522973735171,0.0,0.0,0.0702600107848716,-0.5877321074327307,0.75,-1.689888536340126,0.0,0.5683497434868477,PHI,CHI,0,0.5683497434868477,0.5683497434868477,False,57,LOW,0
2025,13,LAR,CAR,1,-1.3756923069924376,-2.1883155531599594,-2.5705967516557826,-1.6032758045668642,0.0,0.0,-0.4127076920977313,-2.4908912138586863,0.6071428571428572,0.3822811984958233,0.0,0.2186169638650425,LAR,CAR,0,0.7813830361349574,0.7813830361349574,False,78,ELITE,0
2025,13,SF,CLE,0,-1.6007687014232133,-3.957161487444538,2.535967845876611,-0.688385719237629,0.0,0.0,-0.4802306104269639,-4.262975187401814,0.8928571428571428,-6.493129333321149,0.0,0.2731656788761141,SF,SF,1,0.7268343211238859,0.7268343211238859,False,73,STRONG,1
2025,13,HOU,IND,0,0.8420957592645388,1.3575017178997002,-0.9059895848746102,0.0282177699737901,0.0,0.0,0.2526287277793616,1.5314744432702825,0.3214285714285714,2.26349130277431,0.0,0.584040897101767,IND,HOU,0,0.584040897101767,0.584040897101767,False,58,LOW,0
2025,13,NO,MIA,1,0.5932367221603467,2.593571105040285,-0.4130478857134543,0.5336025650434861,0.0,0.0,0.177971016648104,2.85392920759813,1.75,3.006618990753739,0.0,0.7761996899459069,MIA,MIA,1,0.7761996899459069,0.7761996899459069,False,78,ELITE,1
2025,13,ATL,NYJ,1,-1.0365507723090754,-0.4749697631929077,-0.6717578308812823,-0.3112150585346762,0.0,0.0,-0.3109652316927226,-0.5653486845693563,0.75,0.1967880676883744,0.0,0.4547475849728641,ATL,NYJ,0,0.5452524150271358,0.5452524150271358,False,55,PASS,0
2025,13,ARI,TB,1,-0.8901332436570017,-0.5288126854279209,-0.0260374996949887,-0.0013909445498672,0.0,0.0,-0.2670399730971005,-0.7413880826814426,0.75,-0.5027751857329322,0.0,0.4895391042124362,ARI,TB,0,0.5104608957875638,0.5104608957875638,False,51,PASS,0
2025,13,JAX,TEN,0,-0.1528314872218605,-0.4656220646509601,-2.377922088553471,-1.097576456377115,0.0,0.0,-0.0458494461665581,-0.5069248368297555,0.75,1.9123000239025107,0.0,0.3643776491855217,JAX,JAX,1,0.6356223508144783,0.6356223508144783,False,64,MEDIUM,1
2025,13,MIN,SEA,1,3.028782939215341,2.927316310571278,0.8559272661816358,1.2662350155808688,0.0,0.0,0.9086348817646024,3.5422976237185297,0.75,2.071389044389642,0.0,0.8193860921334485,SEA,SEA,1,0.8193860921334485,0.8193860921334485,False,82,ELITE,1
2025,13,LV,LAC,1,0.5561254462080312,1.3101121104087017,1.5364190232820425,0.86272540284132,0.0,0.0,0.1668376338624093,1.3599261520161154,1.75,-0.2263069128733411,0.0,0.7608099527332399,LAC,LAC,1,0.7608099527332399,0.7608099527332399,False,76,ELITE,1
2025,13,BUF,PIT,0,-1.1716700335972074,-1.5675836966658707,1.5449060760622717,-0.2325231403742872,0.0,0.0,-0.3515010100791622,-1.316803946890418,0.3214285714285714,-3.112489772728142,0.0,0.4068212684288715,BUF,BUF,1,0.5931787315711284,0.5931787315711284,False,59,LOW,1
2025,13,DEN,WAS,0,0.0356715368266469,-0.1595008522519431,-3.615693219502867,-1.105965321815606,0.0,0.0,0.010701461047994,-0.0340494000743577,0.75,3.456192367250924,0.0,0.368177696563826,DEN,DEN,1,0.6318223034361741,0.6318223034361741,False,63,MEDIUM,1
2025,13,NYG,NE,1,0.417204978328042,-0.0360854832246523,2.1669133744863145,0.4770954328410737,0.0,0.0,0.1251614934984126,-0.204291025157834,0.75,-2.202998857710967,0.0,0.6062548918665595,NE,NE,1,0.6062548918665595,0.6062548918665595,False,61,MEDIUM,1
2025,14,DAL,DET,1,0.2458783783299214,0.5608092392055734,-0.282379765560985,0.2946787933495592,0.0,0.0,0.0737635134989764,0.1108495570193233,0.75,0.8431890047665583,0.0,0.5830519609309449,DET,DET,1,0.5830519609309449,0.5830519609309449,False,58,LOW,1
2025,14,SEA,ATL,0,-0.0720363681202775,0.2962927861980558,-2.5245766281219475,-0.7593219226195741,0.0,0.0,-0.0216109104360832,0.3386880308205572,0.75,2.820869414320004,0.0,0.4402299610827548,SEA,SEA,1,0.5597700389172452,0.5597700389172452,False,56,LOW,1
2025,14,PIT,BAL,0,0.3516236118362634,0.7185599411365634,1.4732240232095528,0.6439279736010278,0.0,0.0,0.105487083550879,0.2963830165189177,1.1785714285714286,-0.7546640820729895,0.0,0.6750522239246396,BAL,PIT,0,0.6750522239246396,0.6750522239246396,False,68,STRONG,0
2025,14,TEN,CLE,0,-0.0075797706678666,-0.5895883645610034,2.3495514575047785,1.216197477061175,0.0,0.0,-0.0022739312003599,-0.4467601412409083,0.75,-2.939139822065782,0.0,0.6472634726568338,CLE,TEN,0,0.6472634726568338,0.6472634726568338,False,65,MEDIUM,0
2025,14,CHI,GB,1,0.732247007287739,1.2315840888908116,0.5253479368901818,0.6634684631183768,0.0,0.0,0.2196741021863217,1.1381833976409468,0.8928571428571428,0.70623615200063,0.0,0.6829746355819798,GB,GB,1,0.6829746355819798,0.6829746355819798,False,68,STRONG,1
2025,14,IND,JAX,1,-0.0772603843280461,-0.5147488383794537,1.7331759317605882,0.2222539730023731,0.0,0.0,-0.0231781152984138,-0.5966497059775568,0.75,-2.247924770140042,0.0,0.5459064207274954,JAX,JAX,1,0.5459064207274954,0.5459064207274954,False,55,PASS,1
2025,14,WAS,MIN,1,-1.7181496924876036,-3.792779151459234,2.798862310786961,-0.2787799926851158,0.0,0.0,-0.515444907746281,-4.455105769321734,0.75,-6.591641462246193,0.0,0.3029927949619211,WAS,MIN,0,0.6970072050380789,0.6970072050380789,False,70,STRONG,0
2025,14,MIA,NYJ,0,-0.7105953761378334,-1.140160009011999,-0.557601451100546,-0.2024556627764934,0.0,0.0,-0.21317861284135,-1.2451869514358578,0.75,-0.582558557911453,0.0,0.4289353662892534,MIA,MIA,1,0.5710646337107466,0.5710646337107466,False,57,LOW,1
2025,14,NO,TB,0,-0.75727038470585,1.041242980537968,-1.6361709182411293,0.0433802102047481,0.0,0.0,-0.2271811154117549,0.8223556444772181,0.75,2.6774138987790974,0.0,0.5658909643923029,TB,NO,0,0.5658909643923029,0.5658909643923029,False,57,LOW,0
2025,14,DEN,LV,0,-0.5310237760486292,-2.828929838609568,-0.6804344750322319,-0.7589427056976,0.0,0.0,-0.1593071328145887,-2.984204199881382,0.75,-2.1484953635773363,0.0,0.2853551064342718,DEN,DEN,1,0.7146448935657281,0.7146448935657281,False,71,STRONG,1
2025,14,LAR,ARI,0,-0.5955490604263569,-1.7003143099810842,-0.7444803946128001,-0.8620277836719709,0.0,0.0,-0.178664718127907,-1.987792441187268,0.75,-0.955833915368284,0.0,0.3318361796469658,LAR,LAR,1,0.6681638203530342,0.6681638203530342,False,67,MEDIUM,1
2025,14,CIN,BUF,1,0.2835389842341045,0.7936414639465408,0.9813272160734008,0.6114876104534384,0.0,0.0,0.0850616952702313,0.7680457141577391,0.3214285714285714,-0.18768575212686,0.0,0.6245524234705776,BUF,BUF,1,0.6245524234705776,0.6245524234705776,False,62,MEDIUM,1
2025,14,HOU,KC,0,0.1792347609534799,1.0323976167528726,-2.528704582589548,-0.7499846874420807,0.0,0.0,0.0537704282860439,0.9779556154031852,1.1785714285714286,3.5611021993424194,0.0,0.513764489849656,KC,HOU,0,0.513764489849656,0.513764489849656,False,51,PASS,0
2025,14,PHI,LAC,1,-0.3767955858729386,-0.358620662920613,0.3756583149878911,0.0514302063838173,0.0,0.0,-0.1130386757618815,-0.222926759171545,0.4642857142857143,-0.734278977908504,0.0,0.5021660396814406,LAC,LAC,1,0.5021660396814406,0.5021660396814406,False,50,PASS,1
2025,15,ATL,TB,0,-1.2561289466946612,-0.4290977950794177,-0.466283392196168,-0.9891019465104384,0.0,0.0,-0.3768386840083984,-0.8128646096616956,0.75,0.0371855971167503,0.0,0.3893707200757436,ATL,ATL,1,0.6106292799242563,0.6106292799242563,False,61,MEDIUM,1
2025,15,CLE,CHI,1,-0.2075947314690172,2.3658726351881043,-1.306628352330406,-0.1195636568347829,0.0,0.0,-0.0622784194407051,2.489851174249781,0.75,3.6725009875185104,0.0,0.6420603054260988,CHI,CHI,1,0.6420603054260988,0.6420603054260988,False,64,MEDIUM,1
2025,15,BAL,CIN,0,-0.0807326586912284,0.1624986839671182,-1.215369333229506,-0.8395686769460542,0.0,0.0,-0.0242197976073685,0.378394501371822,0.75,1.3778680171966242,0.0,0.4467647901395335,BAL,BAL,1,0.5532352098604665,0.5532352098604665,False,55,LOW,1
2025,15,ARI,HOU,1,-0.2290890934847702,-0.3290954729479281,2.6396173819996216,0.457928972922168,0.0,0.0,-0.068726728045431,-0.054704314280041,0.75,-2.968712854947549,0.0,0.5980155860347275,HOU,HOU,1,0.5980155860347275,0.5980155860347275,False,60,LOW,1
2025,15,NYJ,JAX,1,1.2954160343251924,1.396795521409521,3.763690699662599,1.4030893679969307,0.0,0.0,0.3886248102975577,1.73687900565566,0.75,-2.366895178253078,0.0,0.7851217968640057,JAX,JAX,1,0.7851217968640057,0.7851217968640057,False,79,ELITE,1
2025,15,LAC,KC,0,0.3779208093703383,1.5871936740213783,-2.3549987102379446,0.6622682267311963,0.0,0.0,0.1133762428111015,1.860859564338104,0.8928571428571428,3.942192384259323,0.0,0.6687766255087264,KC,LAC,0,0.6687766255087264,0.6687766255087264,False,67,MEDIUM,0
2025,15,BUF,NE,0,0.36824632180114,-0.186244577523602,-0.0511265892700751,-0.5791958465112151,0.0,0.0,0.110473896540342,0.2078427684738525,1.6071428571428572,-0.1351179882535266,0.0,0.5311650931812066,NE,BUF,0,0.5311650931812066,0.5311650931812066,False,53,PASS,0
2025,15,WAS,NYG,0,0.3772936154696156,0.3227263741861882,0.4669319781544531,-0.0156057323386193,0.0,0.0,0.1131880846408846,0.7018498361746935,1.6071428571428572,-0.1442056039682648,0.0,0.6216361564498751,NYG,WAS,0,0.6216361564498751,0.6216361564498751,False,62,MEDIUM,0
2025,15,LV,PHI,1,0.2357729131468611,1.4222625522301535,2.0004675511626715,0.7914575985273103,0.0,0.0,0.0707318739440583,1.2928879451886477,0.6071428571428572,-0.5782049989325183,0.0,0.7021866149806308,PHI,PHI,1,0.7021866149806308,0.7021866149806308,False,70,STRONG,1
2025,15,GB,DEN,1,-1.2121471403196833,-1.6495941366156202,0.4602347653855908,0.337517351462489,0.0,0.0,-0.3636441420959049,-1.9602903888421848,0.75,-2.109828902001211,0.0,0.4575426392356718,GB,DEN,0,0.5424573607643282,0.5424573607643282,False,54,PASS,0
2025,15,DET,LAR,1,-0.0105053421425624,0.6142412440185394,1.190204421288791,0.9411543609080976,0.0,0.0,-0.0031516026427687,0.9512406517979756,0.3214285714285714,-0.5759631772702517,0.0,0.6514529925840495,LAR,LAR,1,0.6514529925840495,0.6514529925840495,False,65,MEDIUM,1
2025,15,CAR,NO,1,-0.3919804488256386,-0.190368821170726,2.8197553455539306,1.031024485477567,0.0,0.0,-0.1175941346476915,-0.0116030702327861,-0.25,-3.010124166724657,0.0,0.5953847893937784,NO,NO,1,0.5953847893937784,0.5953847893937784,False,60,LOW,1
2025,15,IND,SEA,1,0.0417300247069007,0.5314750954567894,2.898042269473289,1.2198047887635932,0.0,0.0,0.0125190074120702,0.5570642694695963,0.75,-2.3665671740165,0.0,0.7119810107583375,SEA,SEA,1,0.7119810107583375,0.7119810107583375,False,71,STRONG,1
2025,15,TEN,SF,1,1.086233524930329,2.179401840785319,0.1534547574262102,0.7586942604979351,0.0,0.0,0.3258700574790987,2.4183664789865342,1.75,2.025947083359109,0.0,0.781711115078083,SF,SF,1,0.781711115078083,0.781711115078083,False,78,ELITE,1
2025,15,MIN,DAL,0,2.1827392065143267,2.682794822418316,-2.3174904346550584,0.2921949655107142,0.0,0.0,0.654821761954298,3.3636901935094,1.1785714285714286,5.000285257073374,0.0,0.7279394066114718,DAL,MIN,0,0.7279394066114718,0.7279394066114718,False,73,STRONG,0
2025,15,MIA,PIT,1,0.104600491334839,-0.9065724677868876,-1.2042183448168946,-0.4492456714880083,0.0,0.0,0.0313801474004517,-0.7985167016982819,0.75,0.2976458770300069,0.0,0.4196165635186704,MIA,PIT,0,0.5803834364813296,0.5803834364813296,False,58,LOW,0
2025,16,LAR,SEA,1,-0.7947086605663509,-1.5572003237929972,2.4831904876443023,-0.8600737550113102,0.0,0.0,-0.2384125981699052,-1.6207431653397537,0.75,-4.0403908114373,0.0,0.3862845496024097,LAR,SEA,0,0.6137154503975903,0.6137154503975903,False,61,MEDIUM,0
2025,16,GB,CHI,1,-0.8790439302120943,-1.028163602238067,-0.0207286020800431,-0.19184716490377,0.0,0.0,-0.2637131790636283,-0.898865178049483,0.75,-1.007435000158024,0.0,0.447715341865844,GB,CHI,0,0.5522846581341561,0.5522846581341561,False,55,LOW,0
2025,16,PHI,WAS,0,-0.7439170603355532,-0.7878736944317986,-2.616567981846807,-1.0382596777308095,0.0,0.0,-0.2231751181006659,-0.7368980025101757,0.75,1.8286942874150085,0.0,0.3464283122877198,PHI,PHI,1,0.6535716877122801,0.6535716877122801,False,65,MEDIUM,1
2025,16,NE,BAL,0,0.0887341605855027,-1.2185757796294543,0.5434159710349074,0.0363916709388445,0.0,0.0,0.0266202481756508,-1.882142053696823,0.75,-1.761991750664362,0.0,0.457851282758373,NE,NE,1,0.542148717241627,0.542148717241627,False,54,PASS,1
2025,16,TB,CAR,1,1.5029758649328775,1.465365624416753,-0.5169713999277026,-0.4285485310961967,0.0,0.0,0.4508927594798632,1.9142354066779157,0.3214285714285714,1.982337024344456,0.0,0.5623342543066573,CAR,CAR,1,0.5623342543066573,0.5623342543066573,False,56,LOW,1
2025,16,BUF,CLE,0,-0.3068179207645478,-3.5768532454121265,0.5412814979563833,-0.5439067103493588,0.0,0.0,-0.0920453762293643,-3.4711826393002934,0.75,-4.118134743368509,0.0,0.2853565416236767,BUF,BUF,1,0.7146434583763233,0.7146434583763233,False,71,STRONG,1
2025,16,LAC,DAL,0,1.3540091591622758,1.9471113364346295,-3.214669889485242,0.3042301614631576,0.0,0.0,0.4062027477486827,2.4961998831863683,0.75,5.1617812259198725,0.0,0.6481196128993051,DAL,LAC,0,0.6481196128993051,0.6481196128993051,False,65,MEDIUM,0
2025,16,NYJ,NO,1,0.5623715466724772,0.8822532038289677,2.0915908611116034,1.043879600036794,0.0,0.0,0.1687114640017431,1.1390980966109667,0.75,-1.2093376572826358,0.0,0.7123257936660754,NO,NO,1,0.7123257936660754,0.7123257936660754,False,71,STRONG,1
2025,16,MIN,NYG,0,0.7257383834645412,1.3834516075353254,-2.558086432107832,-0.5812984372387825,0.0,0.0,0.2177215150393623,1.9427745253669015,0.75,3.9415380396431567,0.0,0.5380651673791875,NYG,MIN,0,0.5380651673791875,0.5380651673791875,False,54,PASS,0
2025,16,KC,TEN,1,-0.1981238884468306,-0.5176789937566423,-0.8871256361620234,-0.95823420972097,0.0,0.0,-0.0594371665340491,-0.3881877053791044,0.75,0.3694466424053811,0.0,0.3976025999537171,KC,TEN,0,0.6023974000462828,0.6023974000462828,False,60,MEDIUM,0
2025,16,ATL,ARI,0,-0.2334080220161416,-0.1506294505186518,-1.249548276825363,-0.3097437913269613,0.0,0.0,-0.0700224066048424,-0.3659992809416118,0.3214285714285714,1.0989188263067111,0.0,0.4408887769167269,ATL,ATL,1,0.5591112230832731,0.5591112230832731,False,56,LOW,1
2025,16,JAX,DEN,0,-0.67599889386101,0.905684327141446,-1.7680937401371302,0.2462177208612254,0.0,0.0,-0.202799668158303,0.7293911683780132,0.75,2.6737780672785765,0.0,0.5765597800458222,DEN,JAX,0,0.5765597800458222,0.5765597800458222,False,58,LOW,0
2025,16,PIT,DET,0,1.002931035222569,1.796910776983372,-1.0134114590495342,-0.0695012186290799,0.0,0.0,0.3008793105667707,1.5187426368932055,0.8928571428571428,2.810322236032906,0.0,0.6278759273828102,DET,PIT,0,0.6278759273828102,0.6278759273828102,False,63,MEDIUM,0
2025,16,LV,HOU,1,1.2561848415876682,2.7136559673217366,1.949925880373769,1.041987865716285,0.0,0.0,0.3768554524763004,3.241356924062245,0.75,0.7637300869479675,0.0,0.7993281651187752,HOU,HOU,1,0.7993281651187752,0.7993281651187752,False,80,ELITE,1
2025,16,CIN,MIA,0,0.3538361201074305,0.765351664133889,1.0422743444140308,0.4923814967471884,0.0,0.0,0.1061508360322291,0.9941366208083456,0.6071428571428572,-0.2769226802801418,0.0,0.6357337453080274,MIA,CIN,0,0.6357337453080274,0.6357337453080274,False,64,MEDIUM,0
2025,16,SF,IND,0,-0.8376407126722727,-1.8956018080097583,-0.264273160020648,-0.5366255123459157,0.0,0.0,-0.2512922138016818,-2.1342870776555203,0.75,-1.631328647989111,0.0,0.3553194688557674,SF,SF,1,0.6446805311442326,0.6446805311442326,False,64,MEDIUM,1
2025,17,DAL,WAS,0,-0.6040334316846221,-1.6145907708676184,1.0058687007885263,-0.1415622594461119,0.0,0.0,-0.1812100295053866,-2.1139668946682977,0.8928571428571428,-2.6204594716561447,0.0,0.431579799843872,DAL,DAL,1,0.5684202001561279,0.5684202001561279,False,57,LOW,1
2025,17,DET,MIN,1,-1.316202845141741,-2.103103883241094,3.364551618045982,0.9022433626608788,0.0,0.0,-0.3948608535425222,-2.132774834784259,0.75,-5.4676555012870764,0.0,0.5320167799178108,MIN,MIN,1,0.5320167799178108,0.5320167799178108,False,53,PASS,1
2025,17,DEN,KC,0,-0.9983817333560916,-2.11075574572687,-0.322704833882127,-1.2014686555353045,0.0,0.0,-0.2995145200068275,-2.3271028265240843,0.75,-1.7880509118447436,0.0,0.2865929137469913,DEN,DEN,1,0.7134070862530086,0.7134070862530086,False,71,STRONG,1
2025,17,BAL,GB,0,-0.2208273716201185,1.1996432656654692,-0.5919194018321206,-0.1723355364331114,0.0,0.0,-0.0662482114860355,1.5655270176317848,0.8928571428571428,1.7915626674975895,0.0,0.5936500499749001,GB,BAL,0,0.5936500499749001,0.5936500499749001,False,59,LOW,0
2025,17,HOU,LAC,0,-0.0140035350694267,0.7094652570387868,0.4159874298363947,0.2236436825494919,0.0,0.0,-0.004201060520828,0.6044623031913081,0.75,0.2934778272023922,0.0,0.5997304773024529,LAC,HOU,0,0.5997304773024529,0.5997304773024529,False,60,LOW,0
2025,17,SEA,CAR,0,0.3356180844167049,0.7105336737551011,-3.0295035058239552,-1.871571829722369,0.0,0.0,0.1006854253250114,0.7082624257423177,0.3214285714285714,3.740037179579057,0.0,0.3302844594817085,SEA,SEA,1,0.6697155405182915,0.6697155405182915,False,67,MEDIUM,1
2025,17,ARI,CIN,1,0.4824364747504099,0.558858231655015,1.5487613855837006,0.48304412151697,0.0,0.0,0.144730942425123,0.6498070440011333,0.75,-0.9899031539286856,0.0,0.6373235858692263,CIN,CIN,1,0.6373235858692263,0.6373235858692263,False,64,MEDIUM,1
2025,17,PIT,CLE,1,-0.9712894501875872,-2.5023843992679877,0.3205464510193643,-0.1366750855216641,0.0,0.0,-0.2913868350562761,-2.734513810670736,0.75,-2.822930850287351,0.0,0.3643217365732057,PIT,CLE,0,0.6356782634267943,0.6356782634267943,False,64,MEDIUM,0
2025,17,JAX,IND,0,-1.4856602072003486,-2.0304048943557595,-2.609996582664099,-0.8834620595613196,0.0,0.0,-0.4456980621601046,-2.397648803122694,0.6071428571428572,0.5795916883083394,0.0,0.2755731996545744,JAX,JAX,1,0.7244268003454256,0.7244268003454256,False,72,STRONG,1
2025,17,NYG,LV,0,-0.110024505018532,-0.9246047589551692,-0.1511277351469522,-0.0125829205081173,0.0,0.0,-0.0330073515055596,-1.2195921635244902,0.75,-0.7734770238082173,0.0,0.4664305481548261,NYG,NYG,1,0.5335694518451739,0.5335694518451739,False,53,PASS,1
2025,17,TB,MIA,1,0.2999063154178776,-0.3264691937104919,0.6339928230106856,-0.0084129579474928,0.0,0.0,0.0899718946253632,-0.1787762230118042,0.75,-0.9604620167211776,0.0,0.5259463543786612,MIA,MIA,1,0.5259463543786612,0.5259463543786612,False,53,PASS,1
2025,17,NE,NYJ,0,-1.7397846801389436,-3.3328237944517047,-1.4189422465952128,-1.4595341340829877,0.0,0.0,-0.521935404041683,-3.9923724169657575,0.75,-1.9138815478564917,0.0,0.1934574632059437,NE,NE,1,0.8065425367940562,0.8065425367940562,False,81,ELITE,1
2025,17,NO,TEN,0,-0.1690675959719585,-0.4407486981403745,-0.9418841928839768,-0.8814213393959752,0.0,0.0,-0.0507202787915875,-0.485225046690906,0.75,0.5011354947436023,0.0,0.4054410171065741,NO,NO,1,0.5945589828934259,0.5945589828934259,False,59,LOW,1
2025,17,PHI,BUF,0,-0.2497132946584987,1.0013661544463632,-1.452240561604618,-0.5569354069572086,0.0,0.0,-0.0749139883975496,1.101470252259919,0.6071428571428572,2.453606716050981,0.0,0.5085015833331546,BUF,PHI,0,0.5085015833331546,0.5085015833331546,False,51,PASS,0
2025,17,CHI,SF,1,0.6489096810950521,0.839325443836324,-0.0261061388899164,-0.3065008216374321,0.0,0.0,0.1946729043285156,0.88846117971661,0.4642857142857143,0.8654315827262405,0.0,0.539537292786871,SF,SF,1,0.539537292786871,0.539537292786871,False,54,PASS,1
2025,17,LAR,ATL,1,-1.4366416077861317,-2.1491649143527467,0.3698896221235982,-1.3467934403036463,0.0,0.0,-0.4309924823358394,-2.3270638130577903,0.3214285714285714,-2.519054536476345,0.0,0.257323039504233,LAR,ATL,0,0.742676960495767,0.742676960495767,False,74,STRONG,0
2025,18,SEA,SF,0,1.0210038479516248,1.841990613164156,-2.5771005836137197,-0.8160363111970176,0.0,0.0,0.3063011543854874,2.1394156324343787,0.75,4.419091196777875,0.0,0.5398076744159259,SF,SEA,0,0.5398076744159259,0.5398076744159259,False,54,PASS,0
2025,18,CAR,TB,1,-0.1700460716591365,0.3340381534154292,0.0683484126695974,1.1663603521123962,0.0,0.0,-0.0510138214977409,0.2027102143011229,0.75,0.2656897407458318,0.0,0.6575010666279565,TB,TB,1,0.6575010666279565,0.6575010666279565,False,66,MEDIUM,1
2025,18,NO,ATL,1,-0.7102809601653943,-0.6298981087829819,-1.4470170493511003,-0.7576114280691132,0.0,0.0,-0.2130842880496183,-0.8356490216262247,0.6071428571428572,0.8171189405681184,0.0,0.3832698159448597,NO,ATL,0,0.6167301840551402,0.6167301840551402,False,62,MEDIUM,0
2025,18,NYJ,BUF,1,1.9381502214450448,3.745876538246421,2.016211030447325,1.783757493008575,0.0,0.0,0.5814450664335133,4.051362785281452,0.75,1.729665507799096,0.0,0.8727903569767138,BUF,BUF,1,0.8727903569767138,0.8727903569767138,False,87,ELITE,1
2025,18,DET,CHI,0,-0.1588701890643005,0.6206433577600583,-0.1511843655515682,0.3467550001185338,0.0,0.0,-0.0476610567192901,1.241378137066208,0.3214285714285714,0.7718277233116266,0.0,0.5830758117640278,CHI,DET,0,0.5830758117640278,0.5830758117640278,False,58,LOW,0
2025,18,CLE,CIN,0,1.4728108752373466,3.4067739375566872,-1.1359673647327433,1.2094909995987884,0.0,0.0,0.4418432625712039,3.436739461720321,0.75,4.54274130228943,0.0,0.8024239356317124,CIN,CLE,0,0.8024239356317124,0.8024239356317124,False,80,ELITE,0
2025,18,LAC,DEN,1,0.0708810702437059,1.1362199129170854,-0.5302062919095821,1.2703774986289056,0.0,0.0,0.0212643210731117,1.1741629710608188,1.0357142857142856,1.6664262048266676,0.0,0.7206376024417708,DEN,DEN,1,0.7206376024417708,0.7206376024417708,False,72,STRONG,1
2025,18,IND,HOU,1,1.0630734669131137,0.7767382601400191,2.268761154485869,0.5992809794502962,0.0,0.0,0.3189220400739341,0.9793961191293874,0.8928571428571428,-1.4920228943458498,0.0,0.682782523962421,HOU,HOU,1,0.682782523962421,0.682782523962421,False,68,STRONG,1
2025,18,TEN,JAX,1,0.9261114334694472,1.1161838120073313,1.4699498427448898,0.5856975799969555,0.0,0.0,0.2778334300408341,1.2722915984254863,0.75,-0.3537660307375582,0.0,0.6794948678178466,JAX,JAX,1,0.6794948678178466,0.6794948678178466,False,68,STRONG,1
2025,18,ARI,LAR,1,1.359664268497848,1.8709804899570848,1.6673900659463463,1.956114987547396,0.0,0.0,0.4078992805493543,2.1885761823355043,0.6071428571428572,0.2035904240107389,0.0,0.8121877573389937,LAR,LAR,1,0.8121877573389937,0.8121877573389937,False,81,ELITE,1
2025,18,KC,LV,1,0.2817104329553266,0.2427386101834774,-0.921619760831506,-0.7195866658504807,0.0,0.0,0.0845131298865979,0.4733841596617305,0.3214285714285714,1.1643583710149836,0.0,0.4419621416993605,KC,LV,0,0.5580378583006395,0.5580378583006395,False,56,LOW,0
2025,18,GB,MIN,1,-1.3093468689014434,-0.6130977543998491,3.9131495979946815,0.940535577524132,0.0,0.0,-0.392804060670433,-0.5802968689124549,1.0357142857142856,-4.52624735239453,0.0,0.6497249004290329,MIN,MIN,1,0.6497249004290329,0.6497249004290329,False,65,MEDIUM,1
2025,18,MIA,NE,1,0.7748027665890485,1.7858064557861335,0.106020810832797,1.1281573589450384,0.0,0.0,0.2324408299767145,2.2685297835845217,0.75,1.6797856449533368,0.0,0.7437012684883897,NE,NE,1,0.7437012684883897,0.7437012684883897,False,74,STRONG,1
2025,18,DAL,NYG,1,-1.4561533919444107,-1.3082907771645145,2.7031988648500507,-0.1204426608579989,0.0,0.0,-0.4368460175833232,-1.4314422120031145,0.3214285714285714,-4.011489642014565,0.0,0.4404443315874296,DAL,NYG,0,0.5595556684125704,0.5595556684125704,False,56,LOW,0
2025,18,WAS,PHI,0,0.1358185523231254,1.2479285357195309,3.9034552203348247,1.411741914124376,0.0,0.0,0.0407455656969376,1.2781389922604494,0.3214285714285714,-2.655526684615294,0.0,0.7505461851486408,PHI,WAS,0,0.7505461851486408,0.7505461851486408,False,75,ELITE,0
2025,18,BAL,PIT,1,-0.7623711225655674,-0.8776986865306752,0.6300644108298038,-0.2939483467758313,0.0,0.0,-0.2287113367696702,-0.4836050699237549,0.6071428571428572,-1.5077630973604788,0.0,0.4528762803857795,BAL,PIT,0,0.5471237196142205,0.5471237196142205,False,55,PASS,0
